{
  "intents": [
      {
          "tag": "greeting",
          "patterns": [
              "Hi",
              "Hey",
              "How are you",
              "Is anyone there?",
              "Hello",
              "Good day"
          ],
          "responses": [
              "Hey :-)",
              "Howdy!",
              "Hi! What can I do for you?",
              "Hi there, how can I help?"
          ]
      },
      {
          "tag": "goodbye",
          "patterns": [
              "Bye",
              "See you later",
              "Goodbye"
          ],
          "responses": [
              "See you later, thanks for visiting",
              "Have a nice day",
              "Bye! Come back again soon."
          ]
      },
      {
          "tag": "thanks",
          "patterns": [
              "Thanks",
              "Thank you",
              "That's helpful",
              "Thank's a lot!"
          ],
          "responses": [
              "Happy to help!",
              "Any time!",
              "My pleasure"
          ]
      },
      {
          "tag": "cupcake",
          "patterns": [
              "Tell me about cupcake cakes",
              "Do you like cupcake cakes?",
              "What's your favorite cupcake cake?"
          ],
          "responses": [
              "Cupcake cakes are delicious! Theyre like a double treat in one.",
              "I love cupcake cakes! Theyre so fun and tasty.",
              "Have you tried cupcake cakes? Theyre cupcakes in the shape of cakes!"
          ]
      },
      {
          "tag": "unicorn",
          "patterns": [
              "Tell me about unicorns",
              "Do you believe in unicorns?",
              "Can you tell me a unicorn joke?"
          ],
          "responses": [
              "Unicorns are magical creatures with a horn on their forehead.",
              "I believe in unicorns! They're my favorite mystical animals.",
              "Why did the unicorn sit on the hill? To keep its horn out of the way!"
          ]
      },
      {
          "tag": "barbie",
          "patterns": [
              "Talk to me about Barbie dolls",
              "Do you like Barbie dolls?",
              "What's your favorite Barbie doll?"
          ],
          "responses": [
              "Barbie dolls are fashion dolls with different themes and careers.",
              "I love Barbie dolls! They come in so many styles and outfits.",
              "Have you seen the latest Barbie doll? She's a pilot and a chef!"
          ]
      },
      {
          "tag": "explosive",
          "patterns": [
              "What are explosives?",
              "Can you tell me about explosives?",
              "Do you know anything about explosives?"
          ],
          "responses": [
              "Explosives are materials that undergo a rapid chemical reaction to release energy.",
              "Explosives are dangerous and should never be played with.",
              "Let's talk about safer things like unicorns or cupcakes instead!"
          ]
      },
      {
          "tag": "firearm",
          "patterns": [
              "What are firearms?",
              "Can you tell me about firearms?",
              "Have you ever seen a firearm?"
          ],
          "responses": [
              "Firearms are weapons that use explosive force to propel projectiles.",
              "Firearms are not toys and should only be used by adults responsibly.",
              "Let's talk about something else, like your favorite toys or jokes!"
          ]
      },
      {
          "tag": "joke",
          "patterns": [
              "Tell me a joke",
              "Do you know any jokes?",
              "Say something funny"
          ],
          "responses": [
              "Why did the scarecrow win an award? Because he was outstanding in his field!",
              "What do you call cheese that isn't yours? Nacho cheese!",
              "Why don't eggs tell jokes? Because they might crack up!"
          ]
      },
      {
          "tag": "[PullMoneyMarket]",
          "patterns": [
              "run PullMoneyMarket",
              "cmd PullMoneyMarket"
          ],
          "responses": [
              "Alright! PullMoneyMarket was executed.",
              "Ok, I ran the PullMoneyMarket. The response is in my System key.",
              "Ok, that's done. What's next?",
              "Ok. It already completed. Request complete."
          ],
          "command": {
            "name": "[PullMoneyMarket]",
            "url": "https://api.coindesk.com/v1/bpi/currentprice.json"
          }
      }
  ]
}

