{
    "data": [
        {
            "input": [1, 2, 3],
            "label": 0
        },
        {
            "input": [4, 5, 6],
            "label": 0
        },
        {
            "input": [4, 1, 2],
            "label": 0
        },
        {
            "input": [9, 2, 1],
            "label": 0
        },
        {
            "input": [7, 5, 1],
            "label": 0
        },
        {
            "input": [0.7, 0.8, 0.9],
            "label": 1
        },
        {
            "input": [0.3, 0.2, 0.1],
            "label": 1
        },
        {
            "input": [0.1, 0.9, 0.2],
            "label": 1
        },
        {
            "input": [0.6, 0.2, 0.6],
            "label": 1
        },
        {
            "input": [0.5, 0.3, 0.8],
            "label": 1
        },
        {
            "input": [0.7, 0.3, 0.4],
            "label": 1
        }
    ]
}
